	R2_mean	R2_std	RMSE_mean	RMSE_std
Clinical	0.23710639476776124	0.01318760527907981	9.502771743132634	0.05047478359879486
Labs	0.28469395637512207	0.01320214864609006	9.201542972016256	0.05217323492882623
PRS	-0.07659599781036378	0.01810956209143479	11.289040645545402	0.09937069812443668
PCA	-0.08617491722106933	0.017475098803390286	11.339307168155846	0.10902721231789986
Clinical+Labs	0.3355812430381775	0.01750536169886101	8.867487015804585	0.06222901116067978
PRS+PCA	-0.05720412731170654	0.012292583589495084	11.187265795707246	0.09111080772685784
Clinical+Labs+PRS	0.3600469470024109	0.010432060099935251	8.703518132501616	0.04022289616336399
All	0.36652880907058716	0.013750538396013881	8.658837774229951	0.02859662994661828
