	AUROC_mean	AUROC_std
Clinical	0.7798150943759975	0.009681062168742809
Labs	0.790388158742433	0.009250842718576416
PRS	0.5439023189649576	0.015250528711919996
PCA	0.5177506503146473	0.013096398377405637
Clinical+Labs	0.8176628032672882	0.00980239636908948
PRS+PCA	0.5506441735356186	0.014411446507300299
Clinical+Labs+PRS	0.8254228120757412	0.010752163743785214
All	0.8304721564186022	0.009655175060094173
